Issue Subject,Issue Solution,Ticket ID
Alertmanager not sending email alerts,Verified system components and logs. Found misconfiguration causing failure. Updated configuration and restarted services. Issue resolved.,SREQ-1001
Kubernetes ingress not routing traffic,Analyzed logs and found authentication/configuration issue. Updated credentials/config and restarted components. Issue resolved.,SREQ-1002
Kubernetes node in NotReady state,Validated connectivity and permissions. Fixed configuration and restarted affected services. Confirmed system working fine.,SREQ-1003
DevOps pipeline blocked due to Git credentials issue,Validated connectivity and permissions. Fixed configuration and restarted affected services. Confirmed system working fine.,SREQ-1004
ArgoCD sync failure on application deployment,Analyzed logs and found authentication/configuration issue. Updated credentials/config and restarted components. Issue resolved.,SREQ-1005
AWS EC2 instance unreachable after reboot,Investigated issue by checking logs and configuration. Identified root cause and applied necessary fix. Restarted services and validated resolution.,SREQ-1006
DevOps pipeline blocked due to Git credentials issue,Validated connectivity and permissions. Fixed configuration and restarted affected services. Confirmed system working fine.,SREQ-1007
S3 bucket policy denies access to Lambda,Investigated issue by checking logs and configuration. Identified root cause and applied necessary fix. Restarted services and validated resolution.,SREQ-1008
AWS IAM role not attached correctly to EC2,Validated connectivity and permissions. Fixed configuration and restarted affected services. Confirmed system working fine.,SREQ-1009
Alertmanager silences not respected,Verified system components and logs. Found misconfiguration causing failure. Updated configuration and restarted services. Issue resolved.,SREQ-1010
Prometheus not scraping metrics from node exporter,Investigated issue by checking logs and configuration. Identified root cause and applied necessary fix. Restarted services and validated resolution.,SREQ-1011
S3 bucket policy denies access to Lambda,Checked resource utilization and logs. Found resource exhaustion issue. Cleaned resources and restarted services. System stabilized.,SREQ-1012
Prometheus not scraping metrics from node exporter,Investigated issue by checking logs and configuration. Identified root cause and applied necessary fix. Restarted services and validated resolution.,SREQ-1013
OpenShift pod evicted due to disk pressure,Checked resource utilization and logs. Found resource exhaustion issue. Cleaned resources and restarted services. System stabilized.,SREQ-1014
Kubernetes pod stuck in terminating state,Verified system components and logs. Found misconfiguration causing failure. Updated configuration and restarted services. Issue resolved.,SREQ-1015
Docker container fails to start with permission denied,Verified system components and logs. Found misconfiguration causing failure. Updated configuration and restarted services. Issue resolved.,SREQ-1016
ArgoCD application stuck in Progressing state,Validated connectivity and permissions. Fixed configuration and restarted affected services. Confirmed system working fine.,SREQ-1017
ArgoCD application stuck in Progressing state,Investigated issue by checking logs and configuration. Identified root cause and applied necessary fix. Restarted services and validated resolution.,SREQ-1018
AWS EC2 instance unreachable after reboot,Verified system components and logs. Found misconfiguration causing failure. Updated configuration and restarted services. Issue resolved.,SREQ-1019
AWS EC2 instance unreachable after reboot,Checked resource utilization and logs. Found resource exhaustion issue. Cleaned resources and restarted services. System stabilized.,SREQ-1020
DevOps pipeline blocked due to Git credentials issue,Verified system components and logs. Found misconfiguration causing failure. Updated configuration and restarted services. Issue resolved.,SREQ-1021
Prometheus rule group evaluation delay,Analyzed logs and found authentication/configuration issue. Updated credentials/config and restarted components. Issue resolved.,SREQ-1022
Docker container fails to start with permission denied,Verified system components and logs. Found misconfiguration causing failure. Updated configuration and restarted services. Issue resolved.,SREQ-1023
Kubernetes pod stuck in terminating state,Analyzed logs and found authentication/configuration issue. Updated credentials/config and restarted components. Issue resolved.,SREQ-1024
Jenkins agent offline in distributed build,Validated connectivity and permissions. Fixed configuration and restarted affected services. Confirmed system working fine.,SREQ-1025
Alertmanager silences not respected,Checked resource utilization and logs. Found resource exhaustion issue. Cleaned resources and restarted services. System stabilized.,SREQ-1026
S3 bucket policy denies access to Lambda,Verified system components and logs. Found misconfiguration causing failure. Updated configuration and restarted services. Issue resolved.,SREQ-1027
Jenkins pipeline failing during artifact upload,Investigated issue by checking logs and configuration. Identified root cause and applied necessary fix. Restarted services and validated resolution.,SREQ-1028
Kubernetes node in NotReady state,Checked resource utilization and logs. Found resource exhaustion issue. Cleaned resources and restarted services. System stabilized.,SREQ-1029
AWS IAM role not attached correctly to EC2,Checked resource utilization and logs. Found resource exhaustion issue. Cleaned resources and restarted services. System stabilized.,SREQ-1030
ArgoCD application stuck in Progressing state,Investigated issue by checking logs and configuration. Identified root cause and applied necessary fix. Restarted services and validated resolution.,SREQ-1031
Kubernetes liveness probe failing intermittently,Investigated issue by checking logs and configuration. Identified root cause and applied necessary fix. Restarted services and validated resolution.,SREQ-1032
Kubernetes ingress not routing traffic,Investigated issue by checking logs and configuration. Identified root cause and applied necessary fix. Restarted services and validated resolution.,SREQ-1033
Alertmanager not sending email alerts,Analyzed logs and found authentication/configuration issue. Updated credentials/config and restarted components. Issue resolved.,SREQ-1034
S3 bucket policy denies access to Lambda,Investigated issue by checking logs and configuration. Identified root cause and applied necessary fix. Restarted services and validated resolution.,SREQ-1035
Kubernetes ingress not routing traffic,Checked resource utilization and logs. Found resource exhaustion issue. Cleaned resources and restarted services. System stabilized.,SREQ-1036
Prometheus not scraping metrics from node exporter,Validated connectivity and permissions. Fixed configuration and restarted affected services. Confirmed system working fine.,SREQ-1037
Jenkins pipeline failing during artifact upload,Verified system components and logs. Found misconfiguration causing failure. Updated configuration and restarted services. Issue resolved.,SREQ-1038
ArgoCD sync failure on application deployment,Checked resource utilization and logs. Found resource exhaustion issue. Cleaned resources and restarted services. System stabilized.,SREQ-1039
Kubernetes liveness probe failing intermittently,Analyzed logs and found authentication/configuration issue. Updated credentials/config and restarted components. Issue resolved.,SREQ-1040
DevOps pipeline blocked due to Git credentials issue,Verified system components and logs. Found misconfiguration causing failure. Updated configuration and restarted services. Issue resolved.,SREQ-1041
ArgoCD application stuck in Progressing state,Checked resource utilization and logs. Found resource exhaustion issue. Cleaned resources and restarted services. System stabilized.,SREQ-1042
Kubernetes ingress not routing traffic,Investigated issue by checking logs and configuration. Identified root cause and applied necessary fix. Restarted services and validated resolution.,SREQ-1043
Jenkins job fails due to workspace corruption,Validated connectivity and permissions. Fixed configuration and restarted affected services. Confirmed system working fine.,SREQ-1044
ArgoCD application stuck in Progressing state,Verified system components and logs. Found misconfiguration causing failure. Updated configuration and restarted services. Issue resolved.,SREQ-1045
Docker image size excessively large,Verified system components and logs. Found misconfiguration causing failure. Updated configuration and restarted services. Issue resolved.,SREQ-1046
AWS IAM role not attached correctly to EC2,Analyzed logs and found authentication/configuration issue. Updated credentials/config and restarted components. Issue resolved.,SREQ-1047
S3 bucket policy denies access to Lambda,Validated connectivity and permissions. Fixed configuration and restarted affected services. Confirmed system working fine.,SREQ-1048
Alertmanager not sending email alerts,Validated connectivity and permissions. Fixed configuration and restarted affected services. Confirmed system working fine.,SREQ-1049
Alertmanager not sending email alerts,Analyzed logs and found authentication/configuration issue. Updated credentials/config and restarted components. Issue resolved.,SREQ-1050
Alertmanager not sending email alerts,Investigated issue by checking logs and configuration. Identified root cause and applied necessary fix. Restarted services and validated resolution.,SREQ-1051
Kubernetes ingress not routing traffic,Validated connectivity and permissions. Fixed configuration and restarted affected services. Confirmed system working fine.,SREQ-1052
Jenkins agent offline in distributed build,Investigated issue by checking logs and configuration. Identified root cause and applied necessary fix. Restarted services and validated resolution.,SREQ-1053
Kubernetes liveness probe failing intermittently,Analyzed logs and found authentication/configuration issue. Updated credentials/config and restarted components. Issue resolved.,SREQ-1054
Kubernetes liveness probe failing intermittently,Verified system components and logs. Found misconfiguration causing failure. Updated configuration and restarted services. Issue resolved.,SREQ-1055
Prometheus not scraping metrics from node exporter,Checked resource utilization and logs. Found resource exhaustion issue. Cleaned resources and restarted services. System stabilized.,SREQ-1056
S3 bucket policy denies access to Lambda,Validated connectivity and permissions. Fixed configuration and restarted affected services. Confirmed system working fine.,SREQ-1057
ArgoCD application stuck in Progressing state,Analyzed logs and found authentication/configuration issue. Updated credentials/config and restarted components. Issue resolved.,SREQ-1058
Prometheus rule group evaluation delay,Validated connectivity and permissions. Fixed configuration and restarted affected services. Confirmed system working fine.,SREQ-1059
Alertmanager not sending email alerts,Analyzed logs and found authentication/configuration issue. Updated credentials/config and restarted components. Issue resolved.,SREQ-1060
S3 bucket policy denies access to Lambda,Verified system components and logs. Found misconfiguration causing failure. Updated configuration and restarted services. Issue resolved.,SREQ-1061
Alertmanager not sending email alerts,Verified system components and logs. Found misconfiguration causing failure. Updated configuration and restarted services. Issue resolved.,SREQ-1062
ArgoCD application stuck in Progressing state,Analyzed logs and found authentication/configuration issue. Updated credentials/config and restarted components. Issue resolved.,SREQ-1063
Kubernetes ingress not routing traffic,Investigated issue by checking logs and configuration. Identified root cause and applied necessary fix. Restarted services and validated resolution.,SREQ-1064
ArgoCD sync failure on application deployment,Checked resource utilization and logs. Found resource exhaustion issue. Cleaned resources and restarted services. System stabilized.,SREQ-1065
AWS EC2 instance unreachable after reboot,Checked resource utilization and logs. Found resource exhaustion issue. Cleaned resources and restarted services. System stabilized.,SREQ-1066
Alertmanager not sending email alerts,Verified system components and logs. Found misconfiguration causing failure. Updated configuration and restarted services. Issue resolved.,SREQ-1067
Jenkins job fails due to workspace corruption,Investigated issue by checking logs and configuration. Identified root cause and applied necessary fix. Restarted services and validated resolution.,SREQ-1068
Jenkins job fails due to workspace corruption,Checked resource utilization and logs. Found resource exhaustion issue. Cleaned resources and restarted services. System stabilized.,SREQ-1069
DevOps pipeline blocked due to Git credentials issue,Investigated issue by checking logs and configuration. Identified root cause and applied necessary fix. Restarted services and validated resolution.,SREQ-1070
DevOps pipeline blocked due to Git credentials issue,Verified system components and logs. Found misconfiguration causing failure. Updated configuration and restarted services. Issue resolved.,SREQ-1071
Alertmanager not sending email alerts,Checked resource utilization and logs. Found resource exhaustion issue. Cleaned resources and restarted services. System stabilized.,SREQ-1072
ArgoCD sync failure on application deployment,Verified system components and logs. Found misconfiguration causing failure. Updated configuration and restarted services. Issue resolved.,SREQ-1073
AWS EC2 instance unreachable after reboot,Analyzed logs and found authentication/configuration issue. Updated credentials/config and restarted components. Issue resolved.,SREQ-1074
S3 bucket policy denies access to Lambda,Analyzed logs and found authentication/configuration issue. Updated credentials/config and restarted components. Issue resolved.,SREQ-1075
Jenkins pipeline failing during artifact upload,Analyzed logs and found authentication/configuration issue. Updated credentials/config and restarted components. Issue resolved.,SREQ-1076
Docker image size excessively large,Checked resource utilization and logs. Found resource exhaustion issue. Cleaned resources and restarted services. System stabilized.,SREQ-1077
OpenShift pod evicted due to disk pressure,Analyzed logs and found authentication/configuration issue. Updated credentials/config and restarted components. Issue resolved.,SREQ-1078
Prometheus rule group evaluation delay,Verified system components and logs. Found misconfiguration causing failure. Updated configuration and restarted services. Issue resolved.,SREQ-1079
Kubernetes ingress not routing traffic,Validated connectivity and permissions. Fixed configuration and restarted affected services. Confirmed system working fine.,SREQ-1080
Docker image size excessively large,Checked resource utilization and logs. Found resource exhaustion issue. Cleaned resources and restarted services. System stabilized.,SREQ-1081
Jenkins job fails due to workspace corruption,Analyzed logs and found authentication/configuration issue. Updated credentials/config and restarted components. Issue resolved.,SREQ-1082
Jenkins agent offline in distributed build,Analyzed logs and found authentication/configuration issue. Updated credentials/config and restarted components. Issue resolved.,SREQ-1083
Jenkins pipeline failing during artifact upload,Verified system components and logs. Found misconfiguration causing failure. Updated configuration and restarted services. Issue resolved.,SREQ-1084
Docker image size excessively large,Checked resource utilization and logs. Found resource exhaustion issue. Cleaned resources and restarted services. System stabilized.,SREQ-1085
Prometheus rule group evaluation delay,Verified system components and logs. Found misconfiguration causing failure. Updated configuration and restarted services. Issue resolved.,SREQ-1086
ArgoCD application stuck in Progressing state,Analyzed logs and found authentication/configuration issue. Updated credentials/config and restarted components. Issue resolved.,SREQ-1087
Jenkins job fails due to workspace corruption,Checked resource utilization and logs. Found resource exhaustion issue. Cleaned resources and restarted services. System stabilized.,SREQ-1088
AWS IAM role not attached correctly to EC2,Verified system components and logs. Found misconfiguration causing failure. Updated configuration and restarted services. Issue resolved.,SREQ-1089
Prometheus rule group evaluation delay,Investigated issue by checking logs and configuration. Identified root cause and applied necessary fix. Restarted services and validated resolution.,SREQ-1090
Alertmanager silences not respected,Verified system components and logs. Found misconfiguration causing failure. Updated configuration and restarted services. Issue resolved.,SREQ-1091
Kubernetes ingress not routing traffic,Validated connectivity and permissions. Fixed configuration and restarted affected services. Confirmed system working fine.,SREQ-1092
Kubernetes pod stuck in terminating state,Checked resource utilization and logs. Found resource exhaustion issue. Cleaned resources and restarted services. System stabilized.,SREQ-1093
Docker container fails to start with permission denied,Analyzed logs and found authentication/configuration issue. Updated credentials/config and restarted components. Issue resolved.,SREQ-1094
Docker image size excessively large,Checked resource utilization and logs. Found resource exhaustion issue. Cleaned resources and restarted services. System stabilized.,SREQ-1095
Docker container fails to start with permission denied,Validated connectivity and permissions. Fixed configuration and restarted affected services. Confirmed system working fine.,SREQ-1096
Kubernetes node in NotReady state,Investigated issue by checking logs and configuration. Identified root cause and applied necessary fix. Restarted services and validated resolution.,SREQ-1097
Jenkins job fails due to workspace corruption,Analyzed logs and found authentication/configuration issue. Updated credentials/config and restarted components. Issue resolved.,SREQ-1098
Docker container fails to start with permission denied,Investigated issue by checking logs and configuration. Identified root cause and applied necessary fix. Restarted services and validated resolution.,SREQ-1099
AWS IAM role not attached correctly to EC2,Verified system components and logs. Found misconfiguration causing failure. Updated configuration and restarted services. Issue resolved.,SREQ-1100
OpenShift pod evicted due to disk pressure,Analyzed logs and found authentication/configuration issue. Updated credentials/config and restarted components. Issue resolved.,SREQ-1101
Jenkins agent offline in distributed build,Verified system components and logs. Found misconfiguration causing failure. Updated configuration and restarted services. Issue resolved.,SREQ-1102
ArgoCD application stuck in Progressing state,Validated connectivity and permissions. Fixed configuration and restarted affected services. Confirmed system working fine.,SREQ-1103
Prometheus rule group evaluation delay,Analyzed logs and found authentication/configuration issue. Updated credentials/config and restarted components. Issue resolved.,SREQ-1104
Kubernetes pod stuck in terminating state,Validated connectivity and permissions. Fixed configuration and restarted affected services. Confirmed system working fine.,SREQ-1105
S3 bucket policy denies access to Lambda,Investigated issue by checking logs and configuration. Identified root cause and applied necessary fix. Restarted services and validated resolution.,SREQ-1106
DevOps pipeline blocked due to Git credentials issue,Verified system components and logs. Found misconfiguration causing failure. Updated configuration and restarted services. Issue resolved.,SREQ-1107
ArgoCD sync failure on application deployment,Verified system components and logs. Found misconfiguration causing failure. Updated configuration and restarted services. Issue resolved.,SREQ-1108
Alertmanager not sending email alerts,Analyzed logs and found authentication/configuration issue. Updated credentials/config and restarted components. Issue resolved.,SREQ-1109
AWS IAM role not attached correctly to EC2,Verified system components and logs. Found misconfiguration causing failure. Updated configuration and restarted services. Issue resolved.,SREQ-1110
Jenkins pipeline failing during artifact upload,Investigated issue by checking logs and configuration. Identified root cause and applied necessary fix. Restarted services and validated resolution.,SREQ-1111
Jenkins pipeline failing during artifact upload,Verified system components and logs. Found misconfiguration causing failure. Updated configuration and restarted services. Issue resolved.,SREQ-1112
AWS IAM role not attached correctly to EC2,Checked resource utilization and logs. Found resource exhaustion issue. Cleaned resources and restarted services. System stabilized.,SREQ-1113
Jenkins job fails due to workspace corruption,Verified system components and logs. Found misconfiguration causing failure. Updated configuration and restarted services. Issue resolved.,SREQ-1114
ArgoCD sync failure on application deployment,Validated connectivity and permissions. Fixed configuration and restarted affected services. Confirmed system working fine.,SREQ-1115
Jenkins pipeline failing during artifact upload,Checked resource utilization and logs. Found resource exhaustion issue. Cleaned resources and restarted services. System stabilized.,SREQ-1116
ArgoCD sync failure on application deployment,Analyzed logs and found authentication/configuration issue. Updated credentials/config and restarted components. Issue resolved.,SREQ-1117
ArgoCD sync failure on application deployment,Checked resource utilization and logs. Found resource exhaustion issue. Cleaned resources and restarted services. System stabilized.,SREQ-1118
Jenkins agent offline in distributed build,Checked resource utilization and logs. Found resource exhaustion issue. Cleaned resources and restarted services. System stabilized.,SREQ-1119
Kubernetes pod stuck in terminating state,Checked resource utilization and logs. Found resource exhaustion issue. Cleaned resources and restarted services. System stabilized.,SREQ-1120
AWS EC2 instance unreachable after reboot,Verified system components and logs. Found misconfiguration causing failure. Updated configuration and restarted services. Issue resolved.,SREQ-1121
Jenkins agent offline in distributed build,Checked resource utilization and logs. Found resource exhaustion issue. Cleaned resources and restarted services. System stabilized.,SREQ-1122
Alertmanager not sending email alerts,Investigated issue by checking logs and configuration. Identified root cause and applied necessary fix. Restarted services and validated resolution.,SREQ-1123
Kubernetes node in NotReady state,Checked resource utilization and logs. Found resource exhaustion issue. Cleaned resources and restarted services. System stabilized.,SREQ-1124
ArgoCD application stuck in Progressing state,Validated connectivity and permissions. Fixed configuration and restarted affected services. Confirmed system working fine.,SREQ-1125
DevOps pipeline blocked due to Git credentials issue,Checked resource utilization and logs. Found resource exhaustion issue. Cleaned resources and restarted services. System stabilized.,SREQ-1126
AWS EC2 instance unreachable after reboot,Analyzed logs and found authentication/configuration issue. Updated credentials/config and restarted components. Issue resolved.,SREQ-1127
Kubernetes ingress not routing traffic,Validated connectivity and permissions. Fixed configuration and restarted affected services. Confirmed system working fine.,SREQ-1128
ArgoCD sync failure on application deployment,Validated connectivity and permissions. Fixed configuration and restarted affected services. Confirmed system working fine.,SREQ-1129
AWS IAM role not attached correctly to EC2,Validated connectivity and permissions. Fixed configuration and restarted affected services. Confirmed system working fine.,SREQ-1130
AWS EC2 instance unreachable after reboot,Validated connectivity and permissions. Fixed configuration and restarted affected services. Confirmed system working fine.,SREQ-1131
AWS IAM role not attached correctly to EC2,Analyzed logs and found authentication/configuration issue. Updated credentials/config and restarted components. Issue resolved.,SREQ-1132
Kubernetes pod stuck in terminating state,Investigated issue by checking logs and configuration. Identified root cause and applied necessary fix. Restarted services and validated resolution.,SREQ-1133
Kubernetes pod stuck in terminating state,Validated connectivity and permissions. Fixed configuration and restarted affected services. Confirmed system working fine.,SREQ-1134
ArgoCD sync failure on application deployment,Verified system components and logs. Found misconfiguration causing failure. Updated configuration and restarted services. Issue resolved.,SREQ-1135
Prometheus not scraping metrics from node exporter,Investigated issue by checking logs and configuration. Identified root cause and applied necessary fix. Restarted services and validated resolution.,SREQ-1136
S3 bucket policy denies access to Lambda,Validated connectivity and permissions. Fixed configuration and restarted affected services. Confirmed system working fine.,SREQ-1137
Kubernetes node in NotReady state,Analyzed logs and found authentication/configuration issue. Updated credentials/config and restarted components. Issue resolved.,SREQ-1138
Jenkins job fails due to workspace corruption,Analyzed logs and found authentication/configuration issue. Updated credentials/config and restarted components. Issue resolved.,SREQ-1139
DevOps pipeline blocked due to Git credentials issue,Investigated issue by checking logs and configuration. Identified root cause and applied necessary fix. Restarted services and validated resolution.,SREQ-1140
Kubernetes node in NotReady state,Analyzed logs and found authentication/configuration issue. Updated credentials/config and restarted components. Issue resolved.,SREQ-1141
Jenkins job fails due to workspace corruption,Verified system components and logs. Found misconfiguration causing failure. Updated configuration and restarted services. Issue resolved.,SREQ-1142
Kubernetes ingress not routing traffic,Verified system components and logs. Found misconfiguration causing failure. Updated configuration and restarted services. Issue resolved.,SREQ-1143
Jenkins job fails due to workspace corruption,Verified system components and logs. Found misconfiguration causing failure. Updated configuration and restarted services. Issue resolved.,SREQ-1144
Alertmanager not sending email alerts,Validated connectivity and permissions. Fixed configuration and restarted affected services. Confirmed system working fine.,SREQ-1145
S3 bucket policy denies access to Lambda,Checked resource utilization and logs. Found resource exhaustion issue. Cleaned resources and restarted services. System stabilized.,SREQ-1146
Docker image size excessively large,Validated connectivity and permissions. Fixed configuration and restarted affected services. Confirmed system working fine.,SREQ-1147
AWS IAM role not attached correctly to EC2,Verified system components and logs. Found misconfiguration causing failure. Updated configuration and restarted services. Issue resolved.,SREQ-1148
Prometheus rule group evaluation delay,Verified system components and logs. Found misconfiguration causing failure. Updated configuration and restarted services. Issue resolved.,SREQ-1149
Kubernetes node in NotReady state,Investigated issue by checking logs and configuration. Identified root cause and applied necessary fix. Restarted services and validated resolution.,SREQ-1150
AWS EC2 instance unreachable after reboot,Validated connectivity and permissions. Fixed configuration and restarted affected services. Confirmed system working fine.,SREQ-1151
Docker container fails to start with permission denied,Investigated issue by checking logs and configuration. Identified root cause and applied necessary fix. Restarted services and validated resolution.,SREQ-1152
Kubernetes liveness probe failing intermittently,Validated connectivity and permissions. Fixed configuration and restarted affected services. Confirmed system working fine.,SREQ-1153
Jenkins pipeline failing during artifact upload,Validated connectivity and permissions. Fixed configuration and restarted affected services. Confirmed system working fine.,SREQ-1154
ArgoCD application stuck in Progressing state,Investigated issue by checking logs and configuration. Identified root cause and applied necessary fix. Restarted services and validated resolution.,SREQ-1155
Jenkins pipeline failing during artifact upload,Investigated issue by checking logs and configuration. Identified root cause and applied necessary fix. Restarted services and validated resolution.,SREQ-1156
Kubernetes node in NotReady state,Verified system components and logs. Found misconfiguration causing failure. Updated configuration and restarted services. Issue resolved.,SREQ-1157
ArgoCD sync failure on application deployment,Investigated issue by checking logs and configuration. Identified root cause and applied necessary fix. Restarted services and validated resolution.,SREQ-1158
Docker image size excessively large,Investigated issue by checking logs and configuration. Identified root cause and applied necessary fix. Restarted services and validated resolution.,SREQ-1159
Kubernetes liveness probe failing intermittently,Checked resource utilization and logs. Found resource exhaustion issue. Cleaned resources and restarted services. System stabilized.,SREQ-1160
Kubernetes pod stuck in terminating state,Verified system components and logs. Found misconfiguration causing failure. Updated configuration and restarted services. Issue resolved.,SREQ-1161
OpenShift pod evicted due to disk pressure,Verified system components and logs. Found misconfiguration causing failure. Updated configuration and restarted services. Issue resolved.,SREQ-1162
S3 bucket policy denies access to Lambda,Validated connectivity and permissions. Fixed configuration and restarted affected services. Confirmed system working fine.,SREQ-1163
DevOps pipeline blocked due to Git credentials issue,Verified system components and logs. Found misconfiguration causing failure. Updated configuration and restarted services. Issue resolved.,SREQ-1164
Prometheus rule group evaluation delay,Validated connectivity and permissions. Fixed configuration and restarted affected services. Confirmed system working fine.,SREQ-1165
Docker image size excessively large,Checked resource utilization and logs. Found resource exhaustion issue. Cleaned resources and restarted services. System stabilized.,SREQ-1166
Alertmanager silences not respected,Investigated issue by checking logs and configuration. Identified root cause and applied necessary fix. Restarted services and validated resolution.,SREQ-1167
Kubernetes liveness probe failing intermittently,Checked resource utilization and logs. Found resource exhaustion issue. Cleaned resources and restarted services. System stabilized.,SREQ-1168
DevOps pipeline blocked due to Git credentials issue,Verified system components and logs. Found misconfiguration causing failure. Updated configuration and restarted services. Issue resolved.,SREQ-1169
Prometheus rule group evaluation delay,Analyzed logs and found authentication/configuration issue. Updated credentials/config and restarted components. Issue resolved.,SREQ-1170
Prometheus not scraping metrics from node exporter,Verified system components and logs. Found misconfiguration causing failure. Updated configuration and restarted services. Issue resolved.,SREQ-1171
Kubernetes node in NotReady state,Investigated issue by checking logs and configuration. Identified root cause and applied necessary fix. Restarted services and validated resolution.,SREQ-1172
Jenkins job fails due to workspace corruption,Investigated issue by checking logs and configuration. Identified root cause and applied necessary fix. Restarted services and validated resolution.,SREQ-1173
Prometheus rule group evaluation delay,Verified system components and logs. Found misconfiguration causing failure. Updated configuration and restarted services. Issue resolved.,SREQ-1174
Alertmanager silences not respected,Investigated issue by checking logs and configuration. Identified root cause and applied necessary fix. Restarted services and validated resolution.,SREQ-1175
Kubernetes liveness probe failing intermittently,Checked resource utilization and logs. Found resource exhaustion issue. Cleaned resources and restarted services. System stabilized.,SREQ-1176
AWS IAM role not attached correctly to EC2,Investigated issue by checking logs and configuration. Identified root cause and applied necessary fix. Restarted services and validated resolution.,SREQ-1177
AWS IAM role not attached correctly to EC2,Investigated issue by checking logs and configuration. Identified root cause and applied necessary fix. Restarted services and validated resolution.,SREQ-1178
AWS EC2 instance unreachable after reboot,Analyzed logs and found authentication/configuration issue. Updated credentials/config and restarted components. Issue resolved.,SREQ-1179
Jenkins pipeline failing during artifact upload,Validated connectivity and permissions. Fixed configuration and restarted affected services. Confirmed system working fine.,SREQ-1180
Alertmanager not sending email alerts,Analyzed logs and found authentication/configuration issue. Updated credentials/config and restarted components. Issue resolved.,SREQ-1181
S3 bucket policy denies access to Lambda,Verified system components and logs. Found misconfiguration causing failure. Updated configuration and restarted services. Issue resolved.,SREQ-1182
Jenkins pipeline failing during artifact upload,Investigated issue by checking logs and configuration. Identified root cause and applied necessary fix. Restarted services and validated resolution.,SREQ-1183
Kubernetes pod stuck in terminating state,Investigated issue by checking logs and configuration. Identified root cause and applied necessary fix. Restarted services and validated resolution.,SREQ-1184
ArgoCD sync failure on application deployment,Verified system components and logs. Found misconfiguration causing failure. Updated configuration and restarted services. Issue resolved.,SREQ-1185
Kubernetes ingress not routing traffic,Verified system components and logs. Found misconfiguration causing failure. Updated configuration and restarted services. Issue resolved.,SREQ-1186
Prometheus rule group evaluation delay,Checked resource utilization and logs. Found resource exhaustion issue. Cleaned resources and restarted services. System stabilized.,SREQ-1187
Prometheus not scraping metrics from node exporter,Checked resource utilization and logs. Found resource exhaustion issue. Cleaned resources and restarted services. System stabilized.,SREQ-1188
Prometheus rule group evaluation delay,Analyzed logs and found authentication/configuration issue. Updated credentials/config and restarted components. Issue resolved.,SREQ-1189
AWS IAM role not attached correctly to EC2,Investigated issue by checking logs and configuration. Identified root cause and applied necessary fix. Restarted services and validated resolution.,SREQ-1190
Jenkins pipeline failing during artifact upload,Checked resource utilization and logs. Found resource exhaustion issue. Cleaned resources and restarted services. System stabilized.,SREQ-1191
Alertmanager not sending email alerts,Validated connectivity and permissions. Fixed configuration and restarted affected services. Confirmed system working fine.,SREQ-1192
Kubernetes liveness probe failing intermittently,Validated connectivity and permissions. Fixed configuration and restarted affected services. Confirmed system working fine.,SREQ-1193
Prometheus rule group evaluation delay,Checked resource utilization and logs. Found resource exhaustion issue. Cleaned resources and restarted services. System stabilized.,SREQ-1194
ArgoCD sync failure on application deployment,Analyzed logs and found authentication/configuration issue. Updated credentials/config and restarted components. Issue resolved.,SREQ-1195
Prometheus not scraping metrics from node exporter,Analyzed logs and found authentication/configuration issue. Updated credentials/config and restarted components. Issue resolved.,SREQ-1196
Docker container fails to start with permission denied,Checked resource utilization and logs. Found resource exhaustion issue. Cleaned resources and restarted services. System stabilized.,SREQ-1197
Docker image size excessively large,Verified system components and logs. Found misconfiguration causing failure. Updated configuration and restarted services. Issue resolved.,SREQ-1198
Prometheus rule group evaluation delay,Investigated issue by checking logs and configuration. Identified root cause and applied necessary fix. Restarted services and validated resolution.,SREQ-1199
Docker container fails to start with permission denied,Validated connectivity and permissions. Fixed configuration and restarted affected services. Confirmed system working fine.,SREQ-1200
Docker image size excessively large,Analyzed logs and found authentication/configuration issue. Updated credentials/config and restarted components. Issue resolved.,SREQ-1201
S3 bucket policy denies access to Lambda,Investigated issue by checking logs and configuration. Identified root cause and applied necessary fix. Restarted services and validated resolution.,SREQ-1202
Docker image size excessively large,Verified system components and logs. Found misconfiguration causing failure. Updated configuration and restarted services. Issue resolved.,SREQ-1203
ArgoCD sync failure on application deployment,Investigated issue by checking logs and configuration. Identified root cause and applied necessary fix. Restarted services and validated resolution.,SREQ-1204
OpenShift pod evicted due to disk pressure,Validated connectivity and permissions. Fixed configuration and restarted affected services. Confirmed system working fine.,SREQ-1205
Kubernetes pod stuck in terminating state,Verified system components and logs. Found misconfiguration causing failure. Updated configuration and restarted services. Issue resolved.,SREQ-1206
Prometheus not scraping metrics from node exporter,Validated connectivity and permissions. Fixed configuration and restarted affected services. Confirmed system working fine.,SREQ-1207
Docker image size excessively large,Analyzed logs and found authentication/configuration issue. Updated credentials/config and restarted components. Issue resolved.,SREQ-1208
AWS IAM role not attached correctly to EC2,Verified system components and logs. Found misconfiguration causing failure. Updated configuration and restarted services. Issue resolved.,SREQ-1209
Docker image size excessively large,Checked resource utilization and logs. Found resource exhaustion issue. Cleaned resources and restarted services. System stabilized.,SREQ-1210
DevOps pipeline blocked due to Git credentials issue,Verified system components and logs. Found misconfiguration causing failure. Updated configuration and restarted services. Issue resolved.,SREQ-1211
Kubernetes ingress not routing traffic,Verified system components and logs. Found misconfiguration causing failure. Updated configuration and restarted services. Issue resolved.,SREQ-1212
Alertmanager silences not respected,Validated connectivity and permissions. Fixed configuration and restarted affected services. Confirmed system working fine.,SREQ-1213
Kubernetes pod stuck in terminating state,Investigated issue by checking logs and configuration. Identified root cause and applied necessary fix. Restarted services and validated resolution.,SREQ-1214
Jenkins pipeline failing during artifact upload,Validated connectivity and permissions. Fixed configuration and restarted affected services. Confirmed system working fine.,SREQ-1215
AWS IAM role not attached correctly to EC2,Analyzed logs and found authentication/configuration issue. Updated credentials/config and restarted components. Issue resolved.,SREQ-1216
Kubernetes pod stuck in terminating state,Analyzed logs and found authentication/configuration issue. Updated credentials/config and restarted components. Issue resolved.,SREQ-1217
Alertmanager silences not respected,Analyzed logs and found authentication/configuration issue. Updated credentials/config and restarted components. Issue resolved.,SREQ-1218
ArgoCD application stuck in Progressing state,Analyzed logs and found authentication/configuration issue. Updated credentials/config and restarted components. Issue resolved.,SREQ-1219
Prometheus rule group evaluation delay,Analyzed logs and found authentication/configuration issue. Updated credentials/config and restarted components. Issue resolved.,SREQ-1220
Kubernetes node in NotReady state,Analyzed logs and found authentication/configuration issue. Updated credentials/config and restarted components. Issue resolved.,SREQ-1221
Jenkins agent offline in distributed build,Verified system components and logs. Found misconfiguration causing failure. Updated configuration and restarted services. Issue resolved.,SREQ-1222
Alertmanager silences not respected,Checked resource utilization and logs. Found resource exhaustion issue. Cleaned resources and restarted services. System stabilized.,SREQ-1223
Prometheus rule group evaluation delay,Checked resource utilization and logs. Found resource exhaustion issue. Cleaned resources and restarted services. System stabilized.,SREQ-1224
Kubernetes pod stuck in terminating state,Checked resource utilization and logs. Found resource exhaustion issue. Cleaned resources and restarted services. System stabilized.,SREQ-1225
Prometheus not scraping metrics from node exporter,Investigated issue by checking logs and configuration. Identified root cause and applied necessary fix. Restarted services and validated resolution.,SREQ-1226
ArgoCD sync failure on application deployment,Checked resource utilization and logs. Found resource exhaustion issue. Cleaned resources and restarted services. System stabilized.,SREQ-1227
Kubernetes liveness probe failing intermittently,Checked resource utilization and logs. Found resource exhaustion issue. Cleaned resources and restarted services. System stabilized.,SREQ-1228
ArgoCD application stuck in Progressing state,Analyzed logs and found authentication/configuration issue. Updated credentials/config and restarted components. Issue resolved.,SREQ-1229
OpenShift pod evicted due to disk pressure,Validated connectivity and permissions. Fixed configuration and restarted affected services. Confirmed system working fine.,SREQ-1230
ArgoCD sync failure on application deployment,Checked resource utilization and logs. Found resource exhaustion issue. Cleaned resources and restarted services. System stabilized.,SREQ-1231
Jenkins job fails due to workspace corruption,Investigated issue by checking logs and configuration. Identified root cause and applied necessary fix. Restarted services and validated resolution.,SREQ-1232
Alertmanager not sending email alerts,Analyzed logs and found authentication/configuration issue. Updated credentials/config and restarted components. Issue resolved.,SREQ-1233
AWS IAM role not attached correctly to EC2,Validated connectivity and permissions. Fixed configuration and restarted affected services. Confirmed system working fine.,SREQ-1234
OpenShift pod evicted due to disk pressure,Checked resource utilization and logs. Found resource exhaustion issue. Cleaned resources and restarted services. System stabilized.,SREQ-1235
Jenkins job fails due to workspace corruption,Checked resource utilization and logs. Found resource exhaustion issue. Cleaned resources and restarted services. System stabilized.,SREQ-1236
Docker container fails to start with permission denied,Analyzed logs and found authentication/configuration issue. Updated credentials/config and restarted components. Issue resolved.,SREQ-1237
Alertmanager not sending email alerts,Verified system components and logs. Found misconfiguration causing failure. Updated configuration and restarted services. Issue resolved.,SREQ-1238
OpenShift pod evicted due to disk pressure,Validated connectivity and permissions. Fixed configuration and restarted affected services. Confirmed system working fine.,SREQ-1239
S3 bucket policy denies access to Lambda,Investigated issue by checking logs and configuration. Identified root cause and applied necessary fix. Restarted services and validated resolution.,SREQ-1240
Kubernetes pod stuck in terminating state,Checked resource utilization and logs. Found resource exhaustion issue. Cleaned resources and restarted services. System stabilized.,SREQ-1241
AWS IAM role not attached correctly to EC2,Verified system components and logs. Found misconfiguration causing failure. Updated configuration and restarted services. Issue resolved.,SREQ-1242
Kubernetes liveness probe failing intermittently,Investigated issue by checking logs and configuration. Identified root cause and applied necessary fix. Restarted services and validated resolution.,SREQ-1243
Jenkins agent offline in distributed build,Checked resource utilization and logs. Found resource exhaustion issue. Cleaned resources and restarted services. System stabilized.,SREQ-1244
AWS IAM role not attached correctly to EC2,Verified system components and logs. Found misconfiguration causing failure. Updated configuration and restarted services. Issue resolved.,SREQ-1245
Kubernetes pod stuck in terminating state,Verified system components and logs. Found misconfiguration causing failure. Updated configuration and restarted services. Issue resolved.,SREQ-1246
OpenShift pod evicted due to disk pressure,Investigated issue by checking logs and configuration. Identified root cause and applied necessary fix. Restarted services and validated resolution.,SREQ-1247
S3 bucket policy denies access to Lambda,Investigated issue by checking logs and configuration. Identified root cause and applied necessary fix. Restarted services and validated resolution.,SREQ-1248
Alertmanager silences not respected,Analyzed logs and found authentication/configuration issue. Updated credentials/config and restarted components. Issue resolved.,SREQ-1249
ArgoCD sync failure on application deployment,Validated connectivity and permissions. Fixed configuration and restarted affected services. Confirmed system working fine.,SREQ-1250
Kubernetes liveness probe failing intermittently,Verified system components and logs. Found misconfiguration causing failure. Updated configuration and restarted services. Issue resolved.,SREQ-1251
Docker image size excessively large,Investigated issue by checking logs and configuration. Identified root cause and applied necessary fix. Restarted services and validated resolution.,SREQ-1252
Docker image size excessively large,Analyzed logs and found authentication/configuration issue. Updated credentials/config and restarted components. Issue resolved.,SREQ-1253
Prometheus rule group evaluation delay,Validated connectivity and permissions. Fixed configuration and restarted affected services. Confirmed system working fine.,SREQ-1254
AWS EC2 instance unreachable after reboot,Verified system components and logs. Found misconfiguration causing failure. Updated configuration and restarted services. Issue resolved.,SREQ-1255
S3 bucket policy denies access to Lambda,Investigated issue by checking logs and configuration. Identified root cause and applied necessary fix. Restarted services and validated resolution.,SREQ-1256
Docker container fails to start with permission denied,Validated connectivity and permissions. Fixed configuration and restarted affected services. Confirmed system working fine.,SREQ-1257
DevOps pipeline blocked due to Git credentials issue,Analyzed logs and found authentication/configuration issue. Updated credentials/config and restarted components. Issue resolved.,SREQ-1258
Prometheus not scraping metrics from node exporter,Checked resource utilization and logs. Found resource exhaustion issue. Cleaned resources and restarted services. System stabilized.,SREQ-1259
Kubernetes liveness probe failing intermittently,Investigated issue by checking logs and configuration. Identified root cause and applied necessary fix. Restarted services and validated resolution.,SREQ-1260
Alertmanager silences not respected,Analyzed logs and found authentication/configuration issue. Updated credentials/config and restarted components. Issue resolved.,SREQ-1261
Jenkins pipeline failing during artifact upload,Investigated issue by checking logs and configuration. Identified root cause and applied necessary fix. Restarted services and validated resolution.,SREQ-1262
ArgoCD sync failure on application deployment,Validated connectivity and permissions. Fixed configuration and restarted affected services. Confirmed system working fine.,SREQ-1263
Alertmanager silences not respected,Checked resource utilization and logs. Found resource exhaustion issue. Cleaned resources and restarted services. System stabilized.,SREQ-1264
Kubernetes liveness probe failing intermittently,Checked resource utilization and logs. Found resource exhaustion issue. Cleaned resources and restarted services. System stabilized.,SREQ-1265
AWS IAM role not attached correctly to EC2,Validated connectivity and permissions. Fixed configuration and restarted affected services. Confirmed system working fine.,SREQ-1266
Kubernetes liveness probe failing intermittently,Checked resource utilization and logs. Found resource exhaustion issue. Cleaned resources and restarted services. System stabilized.,SREQ-1267
Kubernetes ingress not routing traffic,Verified system components and logs. Found misconfiguration causing failure. Updated configuration and restarted services. Issue resolved.,SREQ-1268
Jenkins agent offline in distributed build,Validated connectivity and permissions. Fixed configuration and restarted affected services. Confirmed system working fine.,SREQ-1269
Kubernetes ingress not routing traffic,Investigated issue by checking logs and configuration. Identified root cause and applied necessary fix. Restarted services and validated resolution.,SREQ-1270
Alertmanager not sending email alerts,Analyzed logs and found authentication/configuration issue. Updated credentials/config and restarted components. Issue resolved.,SREQ-1271
AWS IAM role not attached correctly to EC2,Validated connectivity and permissions. Fixed configuration and restarted affected services. Confirmed system working fine.,SREQ-1272
Kubernetes pod stuck in terminating state,Investigated issue by checking logs and configuration. Identified root cause and applied necessary fix. Restarted services and validated resolution.,SREQ-1273
Alertmanager not sending email alerts,Analyzed logs and found authentication/configuration issue. Updated credentials/config and restarted components. Issue resolved.,SREQ-1274
ArgoCD application stuck in Progressing state,Validated connectivity and permissions. Fixed configuration and restarted affected services. Confirmed system working fine.,SREQ-1275
Kubernetes node in NotReady state,Analyzed logs and found authentication/configuration issue. Updated credentials/config and restarted components. Issue resolved.,SREQ-1276
Alertmanager silences not respected,Analyzed logs and found authentication/configuration issue. Updated credentials/config and restarted components. Issue resolved.,SREQ-1277
Prometheus not scraping metrics from node exporter,Analyzed logs and found authentication/configuration issue. Updated credentials/config and restarted components. Issue resolved.,SREQ-1278
Alertmanager not sending email alerts,Validated connectivity and permissions. Fixed configuration and restarted affected services. Confirmed system working fine.,SREQ-1279
Jenkins agent offline in distributed build,Investigated issue by checking logs and configuration. Identified root cause and applied necessary fix. Restarted services and validated resolution.,SREQ-1280
Jenkins job fails due to workspace corruption,Checked resource utilization and logs. Found resource exhaustion issue. Cleaned resources and restarted services. System stabilized.,SREQ-1281
Alertmanager silences not respected,Investigated issue by checking logs and configuration. Identified root cause and applied necessary fix. Restarted services and validated resolution.,SREQ-1282
ArgoCD sync failure on application deployment,Verified system components and logs. Found misconfiguration causing failure. Updated configuration and restarted services. Issue resolved.,SREQ-1283
Prometheus not scraping metrics from node exporter,Verified system components and logs. Found misconfiguration causing failure. Updated configuration and restarted services. Issue resolved.,SREQ-1284
ArgoCD application stuck in Progressing state,Verified system components and logs. Found misconfiguration causing failure. Updated configuration and restarted services. Issue resolved.,SREQ-1285
Docker container fails to start with permission denied,Checked resource utilization and logs. Found resource exhaustion issue. Cleaned resources and restarted services. System stabilized.,SREQ-1286
Alertmanager not sending email alerts,Checked resource utilization and logs. Found resource exhaustion issue. Cleaned resources and restarted services. System stabilized.,SREQ-1287
ArgoCD sync failure on application deployment,Verified system components and logs. Found misconfiguration causing failure. Updated configuration and restarted services. Issue resolved.,SREQ-1288
Jenkins pipeline failing during artifact upload,Analyzed logs and found authentication/configuration issue. Updated credentials/config and restarted components. Issue resolved.,SREQ-1289
Kubernetes liveness probe failing intermittently,Checked resource utilization and logs. Found resource exhaustion issue. Cleaned resources and restarted services. System stabilized.,SREQ-1290
Docker image size excessively large,Investigated issue by checking logs and configuration. Identified root cause and applied necessary fix. Restarted services and validated resolution.,SREQ-1291
ArgoCD sync failure on application deployment,Checked resource utilization and logs. Found resource exhaustion issue. Cleaned resources and restarted services. System stabilized.,SREQ-1292
Jenkins job fails due to workspace corruption,Analyzed logs and found authentication/configuration issue. Updated credentials/config and restarted components. Issue resolved.,SREQ-1293
Kubernetes liveness probe failing intermittently,Analyzed logs and found authentication/configuration issue. Updated credentials/config and restarted components. Issue resolved.,SREQ-1294
Jenkins job fails due to workspace corruption,Validated connectivity and permissions. Fixed configuration and restarted affected services. Confirmed system working fine.,SREQ-1295
Alertmanager silences not respected,Analyzed logs and found authentication/configuration issue. Updated credentials/config and restarted components. Issue resolved.,SREQ-1296
Kubernetes liveness probe failing intermittently,Validated connectivity and permissions. Fixed configuration and restarted affected services. Confirmed system working fine.,SREQ-1297
Kubernetes node in NotReady state,Checked resource utilization and logs. Found resource exhaustion issue. Cleaned resources and restarted services. System stabilized.,SREQ-1298
OpenShift pod evicted due to disk pressure,Verified system components and logs. Found misconfiguration causing failure. Updated configuration and restarted services. Issue resolved.,SREQ-1299
Jenkins job fails due to workspace corruption,Investigated issue by checking logs and configuration. Identified root cause and applied necessary fix. Restarted services and validated resolution.,SREQ-1300
Kubernetes liveness probe failing intermittently,Verified system components and logs. Found misconfiguration causing failure. Updated configuration and restarted services. Issue resolved.,SREQ-1301
Jenkins agent offline in distributed build,Checked resource utilization and logs. Found resource exhaustion issue. Cleaned resources and restarted services. System stabilized.,SREQ-1302
Kubernetes liveness probe failing intermittently,Investigated issue by checking logs and configuration. Identified root cause and applied necessary fix. Restarted services and validated resolution.,SREQ-1303
ArgoCD sync failure on application deployment,Checked resource utilization and logs. Found resource exhaustion issue. Cleaned resources and restarted services. System stabilized.,SREQ-1304
Jenkins job fails due to workspace corruption,Investigated issue by checking logs and configuration. Identified root cause and applied necessary fix. Restarted services and validated resolution.,SREQ-1305
Docker image size excessively large,Analyzed logs and found authentication/configuration issue. Updated credentials/config and restarted components. Issue resolved.,SREQ-1306
DevOps pipeline blocked due to Git credentials issue,Verified system components and logs. Found misconfiguration causing failure. Updated configuration and restarted services. Issue resolved.,SREQ-1307
Kubernetes pod stuck in terminating state,Verified system components and logs. Found misconfiguration causing failure. Updated configuration and restarted services. Issue resolved.,SREQ-1308
DevOps pipeline blocked due to Git credentials issue,Verified system components and logs. Found misconfiguration causing failure. Updated configuration and restarted services. Issue resolved.,SREQ-1309
Prometheus not scraping metrics from node exporter,Checked resource utilization and logs. Found resource exhaustion issue. Cleaned resources and restarted services. System stabilized.,SREQ-1310
Kubernetes liveness probe failing intermittently,Checked resource utilization and logs. Found resource exhaustion issue. Cleaned resources and restarted services. System stabilized.,SREQ-1311
Prometheus not scraping metrics from node exporter,Checked resource utilization and logs. Found resource exhaustion issue. Cleaned resources and restarted services. System stabilized.,SREQ-1312
Jenkins pipeline failing during artifact upload,Verified system components and logs. Found misconfiguration causing failure. Updated configuration and restarted services. Issue resolved.,SREQ-1313
Prometheus not scraping metrics from node exporter,Validated connectivity and permissions. Fixed configuration and restarted affected services. Confirmed system working fine.,SREQ-1314
ArgoCD application stuck in Progressing state,Checked resource utilization and logs. Found resource exhaustion issue. Cleaned resources and restarted services. System stabilized.,SREQ-1315
Kubernetes ingress not routing traffic,Investigated issue by checking logs and configuration. Identified root cause and applied necessary fix. Restarted services and validated resolution.,SREQ-1316
OpenShift pod evicted due to disk pressure,Verified system components and logs. Found misconfiguration causing failure. Updated configuration and restarted services. Issue resolved.,SREQ-1317
Docker image size excessively large,Checked resource utilization and logs. Found resource exhaustion issue. Cleaned resources and restarted services. System stabilized.,SREQ-1318
OpenShift pod evicted due to disk pressure,Verified system components and logs. Found misconfiguration causing failure. Updated configuration and restarted services. Issue resolved.,SREQ-1319
DevOps pipeline blocked due to Git credentials issue,Investigated issue by checking logs and configuration. Identified root cause and applied necessary fix. Restarted services and validated resolution.,SREQ-1320
Kubernetes pod stuck in terminating state,Analyzed logs and found authentication/configuration issue. Updated credentials/config and restarted components. Issue resolved.,SREQ-1321
AWS IAM role not attached correctly to EC2,Analyzed logs and found authentication/configuration issue. Updated credentials/config and restarted components. Issue resolved.,SREQ-1322
Kubernetes pod stuck in terminating state,Analyzed logs and found authentication/configuration issue. Updated credentials/config and restarted components. Issue resolved.,SREQ-1323
ArgoCD application stuck in Progressing state,Checked resource utilization and logs. Found resource exhaustion issue. Cleaned resources and restarted services. System stabilized.,SREQ-1324
DevOps pipeline blocked due to Git credentials issue,Validated connectivity and permissions. Fixed configuration and restarted affected services. Confirmed system working fine.,SREQ-1325
AWS EC2 instance unreachable after reboot,Investigated issue by checking logs and configuration. Identified root cause and applied necessary fix. Restarted services and validated resolution.,SREQ-1326
AWS EC2 instance unreachable after reboot,Verified system components and logs. Found misconfiguration causing failure. Updated configuration and restarted services. Issue resolved.,SREQ-1327
Kubernetes ingress not routing traffic,Investigated issue by checking logs and configuration. Identified root cause and applied necessary fix. Restarted services and validated resolution.,SREQ-1328
Docker image size excessively large,Investigated issue by checking logs and configuration. Identified root cause and applied necessary fix. Restarted services and validated resolution.,SREQ-1329
Kubernetes ingress not routing traffic,Analyzed logs and found authentication/configuration issue. Updated credentials/config and restarted components. Issue resolved.,SREQ-1330
Jenkins pipeline failing during artifact upload,Validated connectivity and permissions. Fixed configuration and restarted affected services. Confirmed system working fine.,SREQ-1331
Alertmanager silences not respected,Validated connectivity and permissions. Fixed configuration and restarted affected services. Confirmed system working fine.,SREQ-1332
Kubernetes ingress not routing traffic,Verified system components and logs. Found misconfiguration causing failure. Updated configuration and restarted services. Issue resolved.,SREQ-1333
ArgoCD sync failure on application deployment,Verified system components and logs. Found misconfiguration causing failure. Updated configuration and restarted services. Issue resolved.,SREQ-1334
Kubernetes ingress not routing traffic,Verified system components and logs. Found misconfiguration causing failure. Updated configuration and restarted services. Issue resolved.,SREQ-1335
Jenkins job fails due to workspace corruption,Verified system components and logs. Found misconfiguration causing failure. Updated configuration and restarted services. Issue resolved.,SREQ-1336
AWS IAM role not attached correctly to EC2,Checked resource utilization and logs. Found resource exhaustion issue. Cleaned resources and restarted services. System stabilized.,SREQ-1337
Alertmanager silences not respected,Validated connectivity and permissions. Fixed configuration and restarted affected services. Confirmed system working fine.,SREQ-1338
OpenShift pod evicted due to disk pressure,Validated connectivity and permissions. Fixed configuration and restarted affected services. Confirmed system working fine.,SREQ-1339
S3 bucket policy denies access to Lambda,Analyzed logs and found authentication/configuration issue. Updated credentials/config and restarted components. Issue resolved.,SREQ-1340
AWS EC2 instance unreachable after reboot,Investigated issue by checking logs and configuration. Identified root cause and applied necessary fix. Restarted services and validated resolution.,SREQ-1341
OpenShift pod evicted due to disk pressure,Verified system components and logs. Found misconfiguration causing failure. Updated configuration and restarted services. Issue resolved.,SREQ-1342
S3 bucket policy denies access to Lambda,Checked resource utilization and logs. Found resource exhaustion issue. Cleaned resources and restarted services. System stabilized.,SREQ-1343
Kubernetes pod stuck in terminating state,Analyzed logs and found authentication/configuration issue. Updated credentials/config and restarted components. Issue resolved.,SREQ-1344
Jenkins pipeline failing during artifact upload,Analyzed logs and found authentication/configuration issue. Updated credentials/config and restarted components. Issue resolved.,SREQ-1345
Kubernetes ingress not routing traffic,Verified system components and logs. Found misconfiguration causing failure. Updated configuration and restarted services. Issue resolved.,SREQ-1346
AWS EC2 instance unreachable after reboot,Investigated issue by checking logs and configuration. Identified root cause and applied necessary fix. Restarted services and validated resolution.,SREQ-1347
OpenShift pod evicted due to disk pressure,Validated connectivity and permissions. Fixed configuration and restarted affected services. Confirmed system working fine.,SREQ-1348
AWS EC2 instance unreachable after reboot,Analyzed logs and found authentication/configuration issue. Updated credentials/config and restarted components. Issue resolved.,SREQ-1349
Prometheus not scraping metrics from node exporter,Verified system components and logs. Found misconfiguration causing failure. Updated configuration and restarted services. Issue resolved.,SREQ-1350
Docker image size excessively large,Validated connectivity and permissions. Fixed configuration and restarted affected services. Confirmed system working fine.,SREQ-1351
Docker container fails to start with permission denied,Analyzed logs and found authentication/configuration issue. Updated credentials/config and restarted components. Issue resolved.,SREQ-1352
OpenShift pod evicted due to disk pressure,Checked resource utilization and logs. Found resource exhaustion issue. Cleaned resources and restarted services. System stabilized.,SREQ-1353
OpenShift pod evicted due to disk pressure,Investigated issue by checking logs and configuration. Identified root cause and applied necessary fix. Restarted services and validated resolution.,SREQ-1354
Jenkins job fails due to workspace corruption,Validated connectivity and permissions. Fixed configuration and restarted affected services. Confirmed system working fine.,SREQ-1355
Kubernetes node in NotReady state,Validated connectivity and permissions. Fixed configuration and restarted affected services. Confirmed system working fine.,SREQ-1356
Kubernetes ingress not routing traffic,Checked resource utilization and logs. Found resource exhaustion issue. Cleaned resources and restarted services. System stabilized.,SREQ-1357
ArgoCD sync failure on application deployment,Investigated issue by checking logs and configuration. Identified root cause and applied necessary fix. Restarted services and validated resolution.,SREQ-1358
Alertmanager silences not respected,Analyzed logs and found authentication/configuration issue. Updated credentials/config and restarted components. Issue resolved.,SREQ-1359
Docker image size excessively large,Verified system components and logs. Found misconfiguration causing failure. Updated configuration and restarted services. Issue resolved.,SREQ-1360
Kubernetes liveness probe failing intermittently,Verified system components and logs. Found misconfiguration causing failure. Updated configuration and restarted services. Issue resolved.,SREQ-1361
Jenkins agent offline in distributed build,Validated connectivity and permissions. Fixed configuration and restarted affected services. Confirmed system working fine.,SREQ-1362
DevOps pipeline blocked due to Git credentials issue,Investigated issue by checking logs and configuration. Identified root cause and applied necessary fix. Restarted services and validated resolution.,SREQ-1363
ArgoCD application stuck in Progressing state,Checked resource utilization and logs. Found resource exhaustion issue. Cleaned resources and restarted services. System stabilized.,SREQ-1364
Kubernetes pod stuck in terminating state,Investigated issue by checking logs and configuration. Identified root cause and applied necessary fix. Restarted services and validated resolution.,SREQ-1365
Kubernetes node in NotReady state,Verified system components and logs. Found misconfiguration causing failure. Updated configuration and restarted services. Issue resolved.,SREQ-1366
S3 bucket policy denies access to Lambda,Analyzed logs and found authentication/configuration issue. Updated credentials/config and restarted components. Issue resolved.,SREQ-1367
Kubernetes pod stuck in terminating state,Verified system components and logs. Found misconfiguration causing failure. Updated configuration and restarted services. Issue resolved.,SREQ-1368
Docker container fails to start with permission denied,Validated connectivity and permissions. Fixed configuration and restarted affected services. Confirmed system working fine.,SREQ-1369
ArgoCD sync failure on application deployment,Checked resource utilization and logs. Found resource exhaustion issue. Cleaned resources and restarted services. System stabilized.,SREQ-1370
AWS IAM role not attached correctly to EC2,Analyzed logs and found authentication/configuration issue. Updated credentials/config and restarted components. Issue resolved.,SREQ-1371
Prometheus rule group evaluation delay,Checked resource utilization and logs. Found resource exhaustion issue. Cleaned resources and restarted services. System stabilized.,SREQ-1372
Prometheus not scraping metrics from node exporter,Analyzed logs and found authentication/configuration issue. Updated credentials/config and restarted components. Issue resolved.,SREQ-1373
Alertmanager silences not respected,Verified system components and logs. Found misconfiguration causing failure. Updated configuration and restarted services. Issue resolved.,SREQ-1374
Kubernetes ingress not routing traffic,Investigated issue by checking logs and configuration. Identified root cause and applied necessary fix. Restarted services and validated resolution.,SREQ-1375
Prometheus rule group evaluation delay,Analyzed logs and found authentication/configuration issue. Updated credentials/config and restarted components. Issue resolved.,SREQ-1376
Jenkins agent offline in distributed build,Checked resource utilization and logs. Found resource exhaustion issue. Cleaned resources and restarted services. System stabilized.,SREQ-1377
Prometheus not scraping metrics from node exporter,Validated connectivity and permissions. Fixed configuration and restarted affected services. Confirmed system working fine.,SREQ-1378
Alertmanager not sending email alerts,Investigated issue by checking logs and configuration. Identified root cause and applied necessary fix. Restarted services and validated resolution.,SREQ-1379
Kubernetes node in NotReady state,Investigated issue by checking logs and configuration. Identified root cause and applied necessary fix. Restarted services and validated resolution.,SREQ-1380
Kubernetes ingress not routing traffic,Checked resource utilization and logs. Found resource exhaustion issue. Cleaned resources and restarted services. System stabilized.,SREQ-1381
ArgoCD application stuck in Progressing state,Verified system components and logs. Found misconfiguration causing failure. Updated configuration and restarted services. Issue resolved.,SREQ-1382
Docker container fails to start with permission denied,Investigated issue by checking logs and configuration. Identified root cause and applied necessary fix. Restarted services and validated resolution.,SREQ-1383
Kubernetes liveness probe failing intermittently,Analyzed logs and found authentication/configuration issue. Updated credentials/config and restarted components. Issue resolved.,SREQ-1384
Prometheus not scraping metrics from node exporter,Analyzed logs and found authentication/configuration issue. Updated credentials/config and restarted components. Issue resolved.,SREQ-1385
Kubernetes liveness probe failing intermittently,Checked resource utilization and logs. Found resource exhaustion issue. Cleaned resources and restarted services. System stabilized.,SREQ-1386
Kubernetes pod stuck in terminating state,Checked resource utilization and logs. Found resource exhaustion issue. Cleaned resources and restarted services. System stabilized.,SREQ-1387
DevOps pipeline blocked due to Git credentials issue,Analyzed logs and found authentication/configuration issue. Updated credentials/config and restarted components. Issue resolved.,SREQ-1388
Docker image size excessively large,Investigated issue by checking logs and configuration. Identified root cause and applied necessary fix. Restarted services and validated resolution.,SREQ-1389
Jenkins job fails due to workspace corruption,Verified system components and logs. Found misconfiguration causing failure. Updated configuration and restarted services. Issue resolved.,SREQ-1390
Prometheus not scraping metrics from node exporter,Investigated issue by checking logs and configuration. Identified root cause and applied necessary fix. Restarted services and validated resolution.,SREQ-1391
OpenShift pod evicted due to disk pressure,Verified system components and logs. Found misconfiguration causing failure. Updated configuration and restarted services. Issue resolved.,SREQ-1392
Docker container fails to start with permission denied,Validated connectivity and permissions. Fixed configuration and restarted affected services. Confirmed system working fine.,SREQ-1393
ArgoCD sync failure on application deployment,Investigated issue by checking logs and configuration. Identified root cause and applied necessary fix. Restarted services and validated resolution.,SREQ-1394
Prometheus rule group evaluation delay,Validated connectivity and permissions. Fixed configuration and restarted affected services. Confirmed system working fine.,SREQ-1395
Docker container fails to start with permission denied,Validated connectivity and permissions. Fixed configuration and restarted affected services. Confirmed system working fine.,SREQ-1396
ArgoCD application stuck in Progressing state,Investigated issue by checking logs and configuration. Identified root cause and applied necessary fix. Restarted services and validated resolution.,SREQ-1397
Jenkins pipeline failing during artifact upload,Verified system components and logs. Found misconfiguration causing failure. Updated configuration and restarted services. Issue resolved.,SREQ-1398
Jenkins agent offline in distributed build,Verified system components and logs. Found misconfiguration causing failure. Updated configuration and restarted services. Issue resolved.,SREQ-1399
Kubernetes pod stuck in terminating state,Investigated issue by checking logs and configuration. Identified root cause and applied necessary fix. Restarted services and validated resolution.,SREQ-1400
Docker image size excessively large,Validated connectivity and permissions. Fixed configuration and restarted affected services. Confirmed system working fine.,SREQ-1401
Prometheus rule group evaluation delay,Analyzed logs and found authentication/configuration issue. Updated credentials/config and restarted components. Issue resolved.,SREQ-1402
Alertmanager not sending email alerts,Verified system components and logs. Found misconfiguration causing failure. Updated configuration and restarted services. Issue resolved.,SREQ-1403
Kubernetes pod stuck in terminating state,Investigated issue by checking logs and configuration. Identified root cause and applied necessary fix. Restarted services and validated resolution.,SREQ-1404
Alertmanager silences not respected,Analyzed logs and found authentication/configuration issue. Updated credentials/config and restarted components. Issue resolved.,SREQ-1405
Alertmanager not sending email alerts,Checked resource utilization and logs. Found resource exhaustion issue. Cleaned resources and restarted services. System stabilized.,SREQ-1406
Prometheus rule group evaluation delay,Investigated issue by checking logs and configuration. Identified root cause and applied necessary fix. Restarted services and validated resolution.,SREQ-1407
AWS EC2 instance unreachable after reboot,Analyzed logs and found authentication/configuration issue. Updated credentials/config and restarted components. Issue resolved.,SREQ-1408
Kubernetes liveness probe failing intermittently,Validated connectivity and permissions. Fixed configuration and restarted affected services. Confirmed system working fine.,SREQ-1409
Kubernetes pod stuck in terminating state,Checked resource utilization and logs. Found resource exhaustion issue. Cleaned resources and restarted services. System stabilized.,SREQ-1410
Prometheus rule group evaluation delay,Validated connectivity and permissions. Fixed configuration and restarted affected services. Confirmed system working fine.,SREQ-1411
Kubernetes pod stuck in terminating state,Validated connectivity and permissions. Fixed configuration and restarted affected services. Confirmed system working fine.,SREQ-1412
Kubernetes ingress not routing traffic,Validated connectivity and permissions. Fixed configuration and restarted affected services. Confirmed system working fine.,SREQ-1413
Prometheus rule group evaluation delay,Analyzed logs and found authentication/configuration issue. Updated credentials/config and restarted components. Issue resolved.,SREQ-1414
Prometheus not scraping metrics from node exporter,Investigated issue by checking logs and configuration. Identified root cause and applied necessary fix. Restarted services and validated resolution.,SREQ-1415
Jenkins job fails due to workspace corruption,Verified system components and logs. Found misconfiguration causing failure. Updated configuration and restarted services. Issue resolved.,SREQ-1416
AWS IAM role not attached correctly to EC2,Investigated issue by checking logs and configuration. Identified root cause and applied necessary fix. Restarted services and validated resolution.,SREQ-1417
Kubernetes liveness probe failing intermittently,Verified system components and logs. Found misconfiguration causing failure. Updated configuration and restarted services. Issue resolved.,SREQ-1418
Prometheus rule group evaluation delay,Validated connectivity and permissions. Fixed configuration and restarted affected services. Confirmed system working fine.,SREQ-1419
Jenkins agent offline in distributed build,Validated connectivity and permissions. Fixed configuration and restarted affected services. Confirmed system working fine.,SREQ-1420
DevOps pipeline blocked due to Git credentials issue,Analyzed logs and found authentication/configuration issue. Updated credentials/config and restarted components. Issue resolved.,SREQ-1421
AWS EC2 instance unreachable after reboot,Investigated issue by checking logs and configuration. Identified root cause and applied necessary fix. Restarted services and validated resolution.,SREQ-1422
AWS EC2 instance unreachable after reboot,Analyzed logs and found authentication/configuration issue. Updated credentials/config and restarted components. Issue resolved.,SREQ-1423
Kubernetes pod stuck in terminating state,Validated connectivity and permissions. Fixed configuration and restarted affected services. Confirmed system working fine.,SREQ-1424
Docker container fails to start with permission denied,Investigated issue by checking logs and configuration. Identified root cause and applied necessary fix. Restarted services and validated resolution.,SREQ-1425
S3 bucket policy denies access to Lambda,Verified system components and logs. Found misconfiguration causing failure. Updated configuration and restarted services. Issue resolved.,SREQ-1426
Kubernetes liveness probe failing intermittently,Validated connectivity and permissions. Fixed configuration and restarted affected services. Confirmed system working fine.,SREQ-1427
AWS IAM role not attached correctly to EC2,Verified system components and logs. Found misconfiguration causing failure. Updated configuration and restarted services. Issue resolved.,SREQ-1428
Jenkins pipeline failing during artifact upload,Analyzed logs and found authentication/configuration issue. Updated credentials/config and restarted components. Issue resolved.,SREQ-1429
Kubernetes node in NotReady state,Investigated issue by checking logs and configuration. Identified root cause and applied necessary fix. Restarted services and validated resolution.,SREQ-1430
Jenkins job fails due to workspace corruption,Investigated issue by checking logs and configuration. Identified root cause and applied necessary fix. Restarted services and validated resolution.,SREQ-1431
Alertmanager silences not respected,Investigated issue by checking logs and configuration. Identified root cause and applied necessary fix. Restarted services and validated resolution.,SREQ-1432
Jenkins pipeline failing during artifact upload,Analyzed logs and found authentication/configuration issue. Updated credentials/config and restarted components. Issue resolved.,SREQ-1433
Jenkins pipeline failing during artifact upload,Investigated issue by checking logs and configuration. Identified root cause and applied necessary fix. Restarted services and validated resolution.,SREQ-1434
ArgoCD application stuck in Progressing state,Checked resource utilization and logs. Found resource exhaustion issue. Cleaned resources and restarted services. System stabilized.,SREQ-1435
OpenShift pod evicted due to disk pressure,Analyzed logs and found authentication/configuration issue. Updated credentials/config and restarted components. Issue resolved.,SREQ-1436
DevOps pipeline blocked due to Git credentials issue,Checked resource utilization and logs. Found resource exhaustion issue. Cleaned resources and restarted services. System stabilized.,SREQ-1437
AWS IAM role not attached correctly to EC2,Investigated issue by checking logs and configuration. Identified root cause and applied necessary fix. Restarted services and validated resolution.,SREQ-1438
ArgoCD sync failure on application deployment,Checked resource utilization and logs. Found resource exhaustion issue. Cleaned resources and restarted services. System stabilized.,SREQ-1439
Alertmanager silences not respected,Verified system components and logs. Found misconfiguration causing failure. Updated configuration and restarted services. Issue resolved.,SREQ-1440
Jenkins pipeline failing during artifact upload,Validated connectivity and permissions. Fixed configuration and restarted affected services. Confirmed system working fine.,SREQ-1441
Docker image size excessively large,Validated connectivity and permissions. Fixed configuration and restarted affected services. Confirmed system working fine.,SREQ-1442
Alertmanager silences not respected,Checked resource utilization and logs. Found resource exhaustion issue. Cleaned resources and restarted services. System stabilized.,SREQ-1443
ArgoCD application stuck in Progressing state,Analyzed logs and found authentication/configuration issue. Updated credentials/config and restarted components. Issue resolved.,SREQ-1444
Kubernetes pod stuck in terminating state,Investigated issue by checking logs and configuration. Identified root cause and applied necessary fix. Restarted services and validated resolution.,SREQ-1445
Prometheus not scraping metrics from node exporter,Analyzed logs and found authentication/configuration issue. Updated credentials/config and restarted components. Issue resolved.,SREQ-1446
ArgoCD application stuck in Progressing state,Validated connectivity and permissions. Fixed configuration and restarted affected services. Confirmed system working fine.,SREQ-1447
OpenShift pod evicted due to disk pressure,Verified system components and logs. Found misconfiguration causing failure. Updated configuration and restarted services. Issue resolved.,SREQ-1448
Kubernetes liveness probe failing intermittently,Checked resource utilization and logs. Found resource exhaustion issue. Cleaned resources and restarted services. System stabilized.,SREQ-1449
Alertmanager not sending email alerts,Validated connectivity and permissions. Fixed configuration and restarted affected services. Confirmed system working fine.,SREQ-1450
AWS EC2 instance unreachable after reboot,Validated connectivity and permissions. Fixed configuration and restarted affected services. Confirmed system working fine.,SREQ-1451
Prometheus not scraping metrics from node exporter,Analyzed logs and found authentication/configuration issue. Updated credentials/config and restarted components. Issue resolved.,SREQ-1452
AWS EC2 instance unreachable after reboot,Validated connectivity and permissions. Fixed configuration and restarted affected services. Confirmed system working fine.,SREQ-1453
ArgoCD sync failure on application deployment,Analyzed logs and found authentication/configuration issue. Updated credentials/config and restarted components. Issue resolved.,SREQ-1454
Docker container fails to start with permission denied,Analyzed logs and found authentication/configuration issue. Updated credentials/config and restarted components. Issue resolved.,SREQ-1455
OpenShift pod evicted due to disk pressure,Verified system components and logs. Found misconfiguration causing failure. Updated configuration and restarted services. Issue resolved.,SREQ-1456
ArgoCD application stuck in Progressing state,Investigated issue by checking logs and configuration. Identified root cause and applied necessary fix. Restarted services and validated resolution.,SREQ-1457
Docker container fails to start with permission denied,Checked resource utilization and logs. Found resource exhaustion issue. Cleaned resources and restarted services. System stabilized.,SREQ-1458
Docker image size excessively large,Checked resource utilization and logs. Found resource exhaustion issue. Cleaned resources and restarted services. System stabilized.,SREQ-1459
AWS IAM role not attached correctly to EC2,Validated connectivity and permissions. Fixed configuration and restarted affected services. Confirmed system working fine.,SREQ-1460
Kubernetes liveness probe failing intermittently,Investigated issue by checking logs and configuration. Identified root cause and applied necessary fix. Restarted services and validated resolution.,SREQ-1461
Kubernetes liveness probe failing intermittently,Validated connectivity and permissions. Fixed configuration and restarted affected services. Confirmed system working fine.,SREQ-1462
Kubernetes pod stuck in terminating state,Verified system components and logs. Found misconfiguration causing failure. Updated configuration and restarted services. Issue resolved.,SREQ-1463
Kubernetes ingress not routing traffic,Checked resource utilization and logs. Found resource exhaustion issue. Cleaned resources and restarted services. System stabilized.,SREQ-1464
Prometheus rule group evaluation delay,Investigated issue by checking logs and configuration. Identified root cause and applied necessary fix. Restarted services and validated resolution.,SREQ-1465
Jenkins pipeline failing during artifact upload,Validated connectivity and permissions. Fixed configuration and restarted affected services. Confirmed system working fine.,SREQ-1466
Jenkins pipeline failing during artifact upload,Investigated issue by checking logs and configuration. Identified root cause and applied necessary fix. Restarted services and validated resolution.,SREQ-1467
Alertmanager not sending email alerts,Analyzed logs and found authentication/configuration issue. Updated credentials/config and restarted components. Issue resolved.,SREQ-1468
Kubernetes ingress not routing traffic,Analyzed logs and found authentication/configuration issue. Updated credentials/config and restarted components. Issue resolved.,SREQ-1469
ArgoCD sync failure on application deployment,Verified system components and logs. Found misconfiguration causing failure. Updated configuration and restarted services. Issue resolved.,SREQ-1470
Docker image size excessively large,Analyzed logs and found authentication/configuration issue. Updated credentials/config and restarted components. Issue resolved.,SREQ-1471
Jenkins agent offline in distributed build,Verified system components and logs. Found misconfiguration causing failure. Updated configuration and restarted services. Issue resolved.,SREQ-1472
Jenkins pipeline failing during artifact upload,Investigated issue by checking logs and configuration. Identified root cause and applied necessary fix. Restarted services and validated resolution.,SREQ-1473
Jenkins job fails due to workspace corruption,Validated connectivity and permissions. Fixed configuration and restarted affected services. Confirmed system working fine.,SREQ-1474
Docker image size excessively large,Analyzed logs and found authentication/configuration issue. Updated credentials/config and restarted components. Issue resolved.,SREQ-1475
Jenkins agent offline in distributed build,Investigated issue by checking logs and configuration. Identified root cause and applied necessary fix. Restarted services and validated resolution.,SREQ-1476
Kubernetes ingress not routing traffic,Investigated issue by checking logs and configuration. Identified root cause and applied necessary fix. Restarted services and validated resolution.,SREQ-1477
Kubernetes ingress not routing traffic,Investigated issue by checking logs and configuration. Identified root cause and applied necessary fix. Restarted services and validated resolution.,SREQ-1478
Docker image size excessively large,Validated connectivity and permissions. Fixed configuration and restarted affected services. Confirmed system working fine.,SREQ-1479
Jenkins pipeline failing during artifact upload,Checked resource utilization and logs. Found resource exhaustion issue. Cleaned resources and restarted services. System stabilized.,SREQ-1480
ArgoCD sync failure on application deployment,Verified system components and logs. Found misconfiguration causing failure. Updated configuration and restarted services. Issue resolved.,SREQ-1481
S3 bucket policy denies access to Lambda,Investigated issue by checking logs and configuration. Identified root cause and applied necessary fix. Restarted services and validated resolution.,SREQ-1482
Docker image size excessively large,Checked resource utilization and logs. Found resource exhaustion issue. Cleaned resources and restarted services. System stabilized.,SREQ-1483
Jenkins agent offline in distributed build,Checked resource utilization and logs. Found resource exhaustion issue. Cleaned resources and restarted services. System stabilized.,SREQ-1484
Docker image size excessively large,Verified system components and logs. Found misconfiguration causing failure. Updated configuration and restarted services. Issue resolved.,SREQ-1485
S3 bucket policy denies access to Lambda,Validated connectivity and permissions. Fixed configuration and restarted affected services. Confirmed system working fine.,SREQ-1486
AWS EC2 instance unreachable after reboot,Validated connectivity and permissions. Fixed configuration and restarted affected services. Confirmed system working fine.,SREQ-1487
S3 bucket policy denies access to Lambda,Analyzed logs and found authentication/configuration issue. Updated credentials/config and restarted components. Issue resolved.,SREQ-1488
AWS IAM role not attached correctly to EC2,Analyzed logs and found authentication/configuration issue. Updated credentials/config and restarted components. Issue resolved.,SREQ-1489
Kubernetes ingress not routing traffic,Validated connectivity and permissions. Fixed configuration and restarted affected services. Confirmed system working fine.,SREQ-1490
ArgoCD sync failure on application deployment,Validated connectivity and permissions. Fixed configuration and restarted affected services. Confirmed system working fine.,SREQ-1491
S3 bucket policy denies access to Lambda,Validated connectivity and permissions. Fixed configuration and restarted affected services. Confirmed system working fine.,SREQ-1492
AWS IAM role not attached correctly to EC2,Verified system components and logs. Found misconfiguration causing failure. Updated configuration and restarted services. Issue resolved.,SREQ-1493
Jenkins pipeline failing during artifact upload,Checked resource utilization and logs. Found resource exhaustion issue. Cleaned resources and restarted services. System stabilized.,SREQ-1494
Docker image size excessively large,Analyzed logs and found authentication/configuration issue. Updated credentials/config and restarted components. Issue resolved.,SREQ-1495
DevOps pipeline blocked due to Git credentials issue,Validated connectivity and permissions. Fixed configuration and restarted affected services. Confirmed system working fine.,SREQ-1496
Alertmanager silences not respected,Investigated issue by checking logs and configuration. Identified root cause and applied necessary fix. Restarted services and validated resolution.,SREQ-1497
Jenkins agent offline in distributed build,Verified system components and logs. Found misconfiguration causing failure. Updated configuration and restarted services. Issue resolved.,SREQ-1498
AWS EC2 instance unreachable after reboot,Analyzed logs and found authentication/configuration issue. Updated credentials/config and restarted components. Issue resolved.,SREQ-1499
ArgoCD application stuck in Progressing state,Checked resource utilization and logs. Found resource exhaustion issue. Cleaned resources and restarted services. System stabilized.,SREQ-1500
